,title,author,pubyear,first_published,txtype
0,Dáma v jezeře,"Chandler, Raymond",1992,1965,NOV
1,Pražská ekloga,"Kovtun, Jiří",1992,1973,NOV
2,Planeta lykantů,"Garen, Jean Pierre",1992,1992,NOV
3,Fiesta,"Hemingway, Ernest",1992,1966,NOV
4,Píseň o lítosti,"Fischl, Viktor",1992,1982,NOV
5,Matka Noc,"Vonnegut, Kurt Jr.",1992,1992,NOV
6,Uprostřed nocí zpěv,"Kratochvil, Jiří",1992,1992,NOV
7,Okarína do re mi,"Hovorka, Jan",1992,1992,NOV
8,Muž v jiných končinách světa,"Vávra, Vladimír",1992,1992,NOV
9,Prostor k rozlišení,"Linhartová, Věra",1992,1964,NOV
10,Dřevěná lžíce,"Weil, Jiří",1992,1992,NOV
11,Zeď,"Sartre, Jean-Paul",1992,1965,NOV
12,Druhé město,"Ajvaz, Michal",1993,1993,NOV
13,Blízký konec,"Cook, Robin",1993,1993,NOV
14,Děs,"Hubbard, L. Ron",1993,1993,NOV
15,Čarodějky z Eastwicku,"Updike, John",1993,1993,NOV
16,Vekslák 2,"Frýbort, Pavel",1993,1993,NOV
17,Zaříkávání duchů,"Krentzová, Jayne Ann",1993,1993,NOV
18,Muž od vedle,"Halston, Carol",1993,1993,NOV
19,Koření lásky,"Clareová, Kathrin",1993,1993,NOV
20,Láska na první pousmání,"Buck, Carole",1993,1993,NOV
21,Manželství z rozumu,"Leclaire, Day",1993,1993,NOV
22,Past na princeznu,"Seger, Maura",1993,1993,NOV
23,Námluvy po texasku,"Broadrick, Annette",1993,1993,NOV
24,Čínský drak,"Grym, Pavel",1993,1993,NOV
25,Obsluhoval jsem anglického krále,"Hrabal, Bohumil",1993,1993,NOV
26,Kulatý svět,"Pekárková, Iva",1993,1993,NOV
27,Zostření paměti po úrazu,"Bílý, Jaroslav",1993,1993,NOV
28,Hořké zrání Adriana Molea,"Townsendová, Sue",1994,1994,NOV
29,Zlaté brejličky,"Bassani, Giorgio",1994,1994,NOV
30,Čest a sláva,"Michal, Karel",1994,1966,NOV
31,Gypsová dáma,"Michal, Karel",1994,1967,NOV
32,Pražské hyeny,"Verner, Pavel",1994,1994,NOV
33,Kde život náš je v půli se svou poutí,"Jedlička, Josef",1994,1966,NOV
34,Komandant,"Macura, Vladimír",1994,1994,NOV
35,Myši Natálie Mooshabrové,"Fuks, Ladislav",1994,1970,NOV
36,O myších a lidech,"Steinbeck, John",1994,1946,NOV
37,Pěna dní,"Vian, Boris",1994,1967,NOV
38,Piksla červů,"Chase, James Hadley",1994,1994,NOV
39,Ryby,"Dostál, Zeno",1994,1994,NOV
40,Smileyho lidé,"Le Carré, John",1994,1994,NOV
41,Avion,"Kratochvil, Jiří",1995,1995,NOV
42,Noční plavba,"Higgins, Jack",1995,1995,NOV
43,Ohyzdný duch,"Burroughs, William Seward",1995,1995,NOV
44,Orbita,"Block, Thomas",1995,1995,NOV
45,Pasáž,"Pecka, Karel",1995,1976,NOV
46,Poly a tajemství sedmi hvězd,"Aubryová, Cecile",1995,1995,NOV
47,Prázdniny v Londýně,"Brandon, Ann",1995,1995,NOV
48,Přímý přenos z Golgoty,"Vidal, Gore",1995,1995,NOV
49,Pan Kaplan má stále třídu rád,"Rosten, Leo Calvin",1995,1987,NOV
50,Tak pravil Švejk,"Vokolek, Vladimír",1995,1995,NOV
51,"Běž, kam tě srdce povede","Tamarová, Susanna",1995,1995,NOV
52,Klíč je pod rohožkou,"Třešňák, Vlastimil",1995,1995,NOV
53,Zlověstné kameny,"Upfield, Arthur",1995,1977,NOV
54,Vražedný lék,"Sheperdová, Stella",1995,1995,NOV
55,Zázrak svaté Winifredy,"Pargeterová, Edith",1995,1995,NOV
56,Ze zoufalství,"Morrell, David",1995,1995,NOV
57,Čtvrtý anděl,"Hunter, Robin",1996,1996,NOV
58,Číča,"Mikes, George",1996,1996,NOV
59,Kouřová clona,"Francis, Dick",1996,1996,NOV
60,Fantom chrámu,"Gulik, Robert Hans van",1996,1996,NOV
61,Jana z Arku,"Moinot, Pierre",1996,1996,NOV
62,Jmenuji se Ašer Lev,"Potok, Chaim",1996,1996,NOV
63,Katčiny sliby,"Krauss, Irma",1996,1996,NOV
64,Posmrtné paměti Bráse Cubase,"Machado de Assis, Joaquim Maria",1996,1996,NOV
65,"Muž, který měl rád psy","Chandler, Raymond",1996,1996,NOV
66,Osudná lehkomyslnost,"Merrimanová, Catherine",1996,1996,NOV
67,Poštovní úřad,"Bukowski, Charles",1996,1996,NOV
68,Pod skleněným zvonem,"Plathova, Sylvia",1996,1996,NOV
69,Třetí hlava,"Večeřa, Pavel",1996,1996,NOV
70,Král polí,"Singer, Isaac Bashevis",1996,1996,NOV
71,Srdcové eso,"Kludská, Dagmar",1996,1996,NOV
72,Svatyně,"Faulkner, William",1996,1996,NOV
73,"Tanec za jedna, matika za pět","Blobel, Brigitte",1996,1994,NOV
74,Drazí zesnulí,"Waugh, Evelyn",1996,1973,NOV
75,Pavučina,"Wyndham, John",1996,1996,NOV
76,Holistická detektivní kancelář Dirka Gentlyho,"Adams, Douglas",1997,1997,NOV
77,Útěky z bezpečí,"Bach, Richard",1997,1997,NOV
78,Soukromé rozhovory,"Bergman, Ingmar",1997,1997,NOV
79,Blade Runner,"Jeter, Kewin Wayne",1997,1997,NOV
80,Doktor na větvi,"Gordon, Richard",1997,1997,NOV
81,Dvojitý pohřeb,"Chase, James Hadley",1997,1997,NOV
82,Jak František kázal zvířatům,"Rotzette, Anton",1997,1988,NOV
83,Cit slečny Smilly pro sníh,"Hoeg, Peter",1997,1997,NOV
84,Čech jako poleno,"Kupka, S. Jiří",1997,1997,NOV
85,Žena a loutka,"Louys, Pierre",1997,1997,NOV
86,Ego,"Matoušek, Ivan",1997,1997,NOV
87,Místo pro lásku,"Blobel, Brigitte",1997,1997,NOV
88,Na cestě,"Kerouac, Jack",1997,1978,NOV
89,Padraikův zánik,"Nuska, Bohumil",1997,1997,NOV
90,Anglický pacient,"Ondaatje, Michael",1997,1997,NOV
91,Peklo v ráji,"Troska, Jan Matzal",1997,1941,NOV
92,Pochybnost,"Bartuška, Václav",1997,1997,NOV
93,Pornografie,"Gombrowicz, Witold",1997,1997,NOV
94,Řekneme to prezidentce?,"Archer, Jeffrey",1997,1997,NOV
95,Řeči pro pláč,"O'Brien, Flann",1997,1997,NOV
96,Reparátor,"Neff, Ondřej",1997,1997,NOV
97,Tunel,"Sábato, Ernesto",1997,1997,NOV
98,Neslušné odhalení,"Sharpe, Tom",1997,1997,NOV
99,Vlak do Santa Fé,"Jiráň, J. - Kaiser, O. - Lábus, J.",1997,1997,NOV
100,Zoufalství,"Nabokov, Vladimír Vladimirovič",1997,1997,NOV
101,Z hlubin,"Atwoodová, Margaret",1998,1998,NOV
102,Časotřesení,"Vonnegut, Kurt",1998,1998,NOV
103,Tiché dny v Clichy,"Miller, Henry",1998,1991,NOV
104,Oblíbená hra,"Cohen, Leonard",1998,1998,NOV
105,Golem,"Meyrink, Gustav",1998,1971,NOV
106,Jsem jen lehký hypochondr,"Macfarlane, Aidan - McPhersonová, Ann",1998,1998,NOV
107,Takový malý pejsek,"Pearceová, Philippa",1998,1998,NOV
108,Kráska a netvor,"Hájek, Pavel",1998,1998,NOV
109,Poslední tečka za Rukopisy,"Urban, Josef",1998,1998,NOV
110,"Kluci a holky, když jsou spolu","Saroyan, William",1998,1998,NOV
111,Tyran,"Szerb, Antal",1998,1998,NOV
112,Zaprodanci,"Morrell, David",1998,1998,NOV
113,Nepříjemnost v klubu Bellona,"Sayersová, Dorothy L.",1999,1999,NOV
114,Dobře utajená vražda,"Block, Lawrence",1999,1999,NOV
115,Záhada Modrého vlaku,"Christie, Agatha",1999,1999,NOV
116,Dívenka s tmavýma očima,"Pagnol, Marcel",1999,1999,NOV
117,Dobrodružství hraběte Lydericha,"Dumas, Alexandre",1999,1999,NOV
118,Případ sličné siluety,"Gardner, Erle Stanley",1999,1983,NOV
119,Mé století,"Grass, Günter",1999,1999,NOV
120,Gangsteři se nekoulují,"Hodek, Antonín",1999,1999,NOV
121,Hotel uprostřed života,"Vopěnka, Martin",1999,1999,NOV
122,Kniha doličná,"Banville, John",1999,1999,NOV
123,Extáze,"Konsalik, Heinz Günther",1999,1999,NOV
124,Dálkové ovládání,"McNab, Andy",1999,1999,NOV
125,Mlčení jehňátek,"Harris, Thomas",1999,1999,NOV
126,Rozlet císařské orlice,"Svobodová, Jana",1999,1999,NOV
127,Ostrůvek,"Boulle, Pierre",1999,1999,NOV
128,Evangelium a ostružina,"Třešňák, Vlastimil",1999,1999,NOV
129,Panter ve sklepě,"Oz, Amos",1999,1999,NOV
130,Pestré vrstvy,"Landsmann, Ivan",1999,1999,NOV
131,Řeznickej kluk,"McCabe, Patrick",1999,1999,NOV
132,Podnikatelka,"Rašek, Antonín",1999,1999,NOV
133,Poslední ráno,"Morrell, David",1999,1999,NOV
134,Následující příběh,"Nooteboom, Cees",1999,1999,NOV
135,"Řekni, že mě miluješ","Lindsey, Johanna",1999,1999,NOV
136,Jezdci pod slunečníkem,"Ludva, Roman",1999,1999,NOV
137,Samův pád,"Kearney, Richard",1999,1999,NOV
138,Stihnout to před Pánem Bohem,"Krallová, Hanna",1999,1999,NOV
139,Noční tango,"Kratochvil, Jiří",1999,1999,NOV
140,Ten žena a ta muž,"Kohout, Pavel",1999,1999,NOV
141,Pravěk a jiné časy,"Tokarczuková, Olga",1999,1999,NOV
142,Zmizení princezny,"Velinský, Jaroslav",1999,1999,NOV
143,Černý beran,"Balabán, Jan",2000,2000,NOV
144,Zavírací hodina,"Block, Lawrence",2000,2000,NOV
145,Spravedlnost,"Správcová, Božena",2000,2000,NOV
146,Doktor Glas,"Söderberg, Hjalmar",2000,2000,NOV
147,Fotr,"Landsmann, Ivan",2000,2000,NOV
148,Kdo zabil Tomáše Wellse,"Unsworth, Barry",2000,2000,NOV
149,Labuť,"Vassalli, Sebastiano",2000,2000,NOV
150,Nejlepší přítelkyně,"Bardová, Mary",2000,2000,NOV
151,Prchavé okamžiky,"Michaels, Ann",2000,2000,NOV
152,Paní jezera,"Sapkowski, Andrzej",2000,2000,NOV
153,Paradýzo,"Popel, Richard",2000,2000,NOV
154,Pivoňková lucerna,"Enčó, Sanjútei",2000,1984,NOV
155,Poslední tanec,"McBain, Ed",2000,2000,NOV
156,Zpověď poživače opia,"DeQuincey, Thomas",2000,2000,NOV
157,"Zapomeň, řeko, téci","Stiborová, Věra",2000,2000,NOV
158,Útěk čarodějky,"Petersová, Ellis",2000,2000,NOV
159,Slaměná vdova,"Petersová, Ellis",2000,2000,NOV
160,Vládci hlubin,"Hohlbein, Wolfgang",2000,2000,NOV
161,Žabky na vodě,"Kubešová, Blanka",2000,2000,NOV
162,Opilé banány,"Šabach, Petr",2001,2001,NOV
163,Každý musí zemřít,"Block, Lawrence",2001,2001,NOV
164,Na kratším konci ulice,"Brussig, Thomas",2001,2001,NOV
165,Cesta na Praděd,"Vaculík, Ludvík",2001,2001,NOV
166,Doširoka otevřené,"Barkerová, Nicola",2001,2001,NOV
167,Dům se schodištěm,"Rendellová, Ruth",2001,2001,NOV
168,...aneb Komentář k bratrovraždě,"Eichler, Karel",2001,2001,NOV
169,Hájili jsme hrad,"Eastlake, William",2001,1980,NOV
170,Na prahu ráje,"Hardellet, André",2001,2001,NOV
171,Hněv celého světa,"Hart, Maarten't",2001,2001,NOV
172,Byla jedna holčička,"McBain, Ed",2001,2001,NOV
173,Harry Potter a vězeň z Azkabanu,"Rowling, Joanne K.",2001,2001,NOV
174,Jeho žena,"Bernheimová, Emanuele",2001,2001,NOV
175,Mezi planetami,"Heinlein, Robert Anson",2001,2001,NOV
176,Nebezpečné křivky,"Gardner, Erle Stanley",2001,1997,NOV
177,Noční práce,"Topol, Jáchym",2001,2001,NOV
178,Divoké palmy,"Faulkner, William",2001,1960,NOV
179,Stará pevnost,"Krupička, Jiří",2001,2001,NOV
180,Pnin,"Nabokov, Vladimír Vladimirovič",2001,2001,NOV
181,Román pro ženy,"Viewegh, Michal",2001,2001,NOV
182,Proudy,"Kahuda, Václav",2001,2001,NOV
183,Za rozcestím,"Djian, Philippe",2001,2001,NOV
184,Soudci,"Wieselová, Elie",2001,2001,NOV
185,Světlo přichází potmě,"Rotrekl, Zdeněk",2001,2001,NOV
186,Velká čtyřka,"Christie, Agatha",2001,2001,NOV
187,Dům z úsvitu,"Momaday, N. Scott",2001,2001,NOV
188,Účastníci zájezdu,"Viewegh, Michal",2001,1996,NOV
189,Zima úzkosti,"Steinbeck, John",2001,1965,NOV
190,Svatoušek,"Exner, Milan",2002,2002,NOV
191,Falešní hráči,"Connelly, Michael",2002,2002,NOV
192,Fatální řez,"Mastersová, Priscilla",2002,2002,NOV
193,Peppermint frappé,"Zgustová, Monika",2002,2002,NOV
194,Hlas hory,"Kawabata, Jasunari",2002,2002,NOV
195,Hodiny,"Cunningham, Michael",2002,2002,NOV
196,V náruči mužů,"Laurensová, Camille",2002,2002,NOV
197,Vražda v Orient-expresu,"Christie, Agatha",2002,1994,NOV
198,Ostrov,"Charoust, Milan",2002,2002,NOV
199,Pátý syn,"Wieselová, Elie",2002,2002,NOV
200,Francouzský testament,"Makine, Andrei",2002,2002,NOV
201,Útes,"Gunesekera, Romesh",2002,2002,NOV
202,Muzeum zkamenělin,"Atwood, Margaret Eleanor",2002,2002,NOV
203,Jedenáct minut,"Coelho, Paulo",2003,2003,NOV
204,Pětka,"Jackson, Mick",2003,2003,NOV
205,Manželství do 158 liber,"Irving, John",2003,2003,NOV
206,"Všechno, jen slunce ne","Burgess, Anthony",2003,2003,NOV
207,Nadechnout se,"Orwell, George",2003,2003,NOV
208,Nadobro ztracený,"Coben, Harlan",2003,2003,NOV
209,Noční služba,"Mastersová, Priscilla",2003,2003,NOV
210,Pošli to dál,"Hydeová, Catherine Ryan",2003,2003,NOV
211,Šifra mistra Leonarda,"Brown, Dan",2003,2003,NOV
212,Smrt na křižovatce,"Furutani, Dale",2003,2003,NOV
213,Staří muži o půlnoci,"Potok, Chaim",2003,2003,NOV
214,Stín na severu,"Pullman, Philip",2003,2003,NOV
215,Světlo dne,"Swift, Graham",2003,2003,NOV
216,Smrtící věrnost,"Robertsová, Nora",2003,1999,NOV
217,Vlámské tajemství,"Andahazi, Frederico",2003,2003,NOV
218,Mozkové vlny,"Goldberg, Leonard",2003,2003,NOV
219,Vši svobody,"Kaminer, Wladimir",2003,2003,NOV
220,Závody,"Polák, Jiří",2003,2003,NOV
221,"Dnes 13, zítra 30","Roberts, Christa",2004,2004,NOV
222,Bílá ruka a poklad hradu Handštejna,"Kárník, Zdeněk",2004,2004,NOV
223,Dům spánku,"Coe, Jonathan",2004,2004,NOV
224,Paní Dallowayová,"Woolfová, Virginia",2004,2004,NOV
225,Principálova dcera,"Gaarder, Jostein",2004,2004,NOV
226,Den poté,"Strieber, Whitley",2004,2004,NOV
227,"Dlouhý, temný čas svačiny duše","Adams, Douglas",2004,1994,NOV
228,Druhá strana vraždy,"Jeffries, Roderic",2004,2004,NOV
229,Mnich z přízemí,"Farrington, Tim",2004,2004,NOV
230,Oceán vzpomínek,"Hugová, Lynne - Villegasová, Anna Tuttle",2004,2004,NOV
231,Jeden okamžik v čase,"Babická, Helena",2004,2004,NOV
232,O lásce a jiných běsech,"García Márquez, Gabriel",2004,1997,NOV
233,Poslední panna,"Belbin, David",2004,2002,NOV
234,"Pavel, dobrodruh víry","Selucký, Oldřich",2004,2004,NOV
235,Se srpem v zádech,"Pilous, Jiří",2004,2004,NOV
236,Svedení umírají dvakrát,"Hensherová, Ann-Christin",2004,2004,NOV
237,Železná brána,"Millarová, Margaret",2004,2004,NOV
238,Želvičky,"Valášek, Karel",2004,2004,NOV
239,Zóna Berlín,"Dückersová, Tanja",2004,2004,NOV
240,Anne,"Haugen, Paal-Helge",2005,2005,NOV
241,Všude červená,"Chmielewska, Joanna",2005,2005,NOV
242,Chci jen dítě,"Phillipsová, Susan Elizabeth",2005,2005,NOV
243,Chytněte si toho psa!,"Hromek, Jan",2005,2005,NOV
244,Cirkus Les Mémoires,"Hůlová, Petra",2005,2005,NOV
245,Královna jihu,"Pérez-Reverte, Arturo",2005,2005,NOV
246,Láska,"Morrisonová, Toni",2005,2005,NOV
247,Mezi akty,"Woolfová, Virginia",2005,2005,NOV
248,Mrtvý ze Zlaté stoky,"Svejkovský, Jiří",2005,2005,NOV
249,"Muž, který zmizel","Millarová, Margaret",2005,2005,NOV
250,Naplnění,"Spencerová, La Vyrle",2005,1979,NOV
251,Zpráva od nebožtíka,"Chmielewska, Joanna",2005,1972,NOV
252,Zamilovaný ničema,"Lindseyová, Johanna",2005,2005,NOV
253,Obchodníci s vesmírem,"Pohl, Frederik",2005,1963,NOV
254,Mé slzy zůstaly v Iráku,"Švecová, Jana",2005,2005,NOV
255,Sršeň létá v noci,"Follett, Ken",2005,2005,NOV
256,Svatba z donucení,"Cartland, Barbara",2005,2005,NOV
257,Svátost manželství,"Bombecková, Erma",2005,1996,NOV
258,Tichá žena,"Zgustová, Monika",2005,2005,NOV
259,To je váš pes?,"Hromek, Jan",2005,2005,NOV
260,Oko tornáda,"Blanchardová, Alice",2005,2005,NOV
261,Ukolébavka,"Palahniuk, Chuck",2005,2005,NOV
262,Virus,"Goldberg, Leonard",2005,2005,NOV
263,Zapomenutý příběh,"Murrayová, Yxta Maya",2005,2005,NOV
264,Blázinec,"Jauffret, Régis",2006,2006,NOV
265,Bukvínkova kouzelná píšťalka,"Klimtová, Vítězslava",2006,2002,NOV
266,Devětkrát jeden vrah,"Žídková, Anna",2006,2006,NOV
267,Dívka v zrcadle,"Kačírková, Eva",2006,2006,NOV
268,Kim,"Kipling, Rudyard",2006,2006,NOV
269,Tenhle kluk je můj!,"Kabátová, Veronika",2006,2006,NOV
270,Letní plavba,"Capote, Truman",2006,2006,NOV
271,Zpověď Maxe Tivoliho,"Greer, Andrew Sean",2006,2006,NOV
272,Nová láska na obzoru,"Kabátová, Veronika",2006,2006,NOV
273,Olomoucký bestiář,"Vondruška, Vlastimil",2006,2006,NOV
274,Orlové smrti,"Kessler, Leo",2006,2006,NOV
275,Když přijde láska,"Kabátová, Veronika",2006,2006,NOV
276,Psí matka,"Matesis, Pavlos",2006,2006,NOV
277,Skládačka,"McBain, Ed",2006,1973,NOV
278,Slepé mapy,"Brdečková, Tereza",2006,2006,NOV
279,Slyšel jsem sovu zavolat své jméno,"Cravenová, Margaret",2006,1984,NOV
280,Sobota,"McEwan, Ian",2006,2006,NOV
281,Tajemství posledního večera,"Renč, Ivan",2006,2006,NOV
282,Anděl,"Topol, Jáchym",2006,1995,NOV
283,Ukvapený Sam,"Wodehouse, Pelham Grenville",2006,1984,NOV
284,Polibek v Římě,"Cartland, Barbara",2006,2006,NOV
285,Zástava náhradního srdce,"Fojtová, Věra",2006,2006,NOV
286,Afterdark,"Murakami, Haruki",2007,2007,NOV
287,Láska bez odporu,"Rozier, Gilles",2007,2007,NOV
288,Chlapectví,"Coetzee, J. M.",2007,2007,NOV
289,Dům,"Steel, Danielle",2007,2007,NOV
290,Operace Irák,"Kessler, Leo",2007,2007,NOV
291,Kainova kniha,"Trocchi, Alexander",2007,2007,NOV
292,Konečné řešení,"Chabon, Michael",2007,2007,NOV
293,Láska není minulost,"Hofmanová, Jaroslava",2007,2007,NOV
294,Nemáme na vybranou,"Lustig, Arnošt",2007,2007,NOV
295,"Jíst, meditovat, milovat","Gilbert, Elizabeth",2007,2007,NOV
296,Možnost ostrova,"Houellebecq, Michel",2007,2007,NOV
297,Muži a jiné katastrofy,"Gierová, Kerstin",2007,1998,NOV
298,Maigret na dovolené,"Simenon, Georges",2007,1994,NOV
299,Perelandra,"Lewis, C. S.",2007,1995,NOV
300,Drsné pobřeží,"Temple, Peter",2007,2007,NOV
301,Pochod k moři,"Doctorow, Edgar Lawrence",2007,2007,NOV
302,Poslední rituál,"Sigurdardóttir, Yrsa",2007,2007,NOV
303,Sebranka,"Eidler, Petr",2007,2007,NOV
304,Správná parta a kouzelný míč,"Kühnl, Daniel",2007,2007,NOV
305,"Spi sladce, lásko","Carlotto, Massimo",2007,2007,NOV
306,Jsem statečná žena,"Žáček, Jan",2007,2007,NOV
307,Ten večer,"Minot, Susan",2007,2007,NOV
308,Indigový drak,"Owen, James",2008,2008,NOV
309,Kukla motýla,"Terrell, Heather",2008,2008,NOV
310,V ohrožení,"Cornwell, Patricia",2008,2008,NOV
311,Probuzení,"Chopin, Kate",2008,2008,NOV
312,Zahrada pozemských rozkoší,"Caruso, Giacinta",2008,2008,NOV
313,Když uvěříš,"Inclan, Jessica Barksdale",2008,2008,NOV
314,Výprodej v domě hrůzy,"Coville, Bruce",2008,2008,NOV
315,Zachráníš mě ráno,"Fieldingová, Joy",2008,2008,NOV
316,Paleček krále Jiřího,"Hiršal, Josef - Kolář, Jiří",1992,1992,COL
317,Hodina děsu,"King, Stephen",1992,1992,COL
318,Mrtví se někdy vracejí,"King, Stephen",1992,1992,COL
319,Malostranské humoresky,"Pecka, Karel",1992,1985,COL
320,Ministrantovo svědectví,"Simenon, Georges",1993,1993,COL
321,Devět povídek,"Salinger, Jerome David",1993,1971,COL
322,Povídky z jedné kapsy,"Čapek, Karel",1993,1929,COL
323,Pellicova 47,"Nekula, Marek",1994,1994,COL
324,Kafkárna,"Hrabal, Bohumil",1994,1994,COL
325,Příběhy (jak mě napadly),"Grym, Pavel",1994,1994,COL
326,Piknik a jiné pohromy,"Durrell, Gerald",1995,1995,COL
327,Provdaná nevěsta,"Vejvoda, Jaroslav",1995,1991,COL
328,Ráno na pobřeží,"Styron, William",1995,1995,COL
329,Šílenství,"Sá-Carneiro, Mário de",1996,1996,COL
330,Černý kámen,"Howard, Robert Ervin",1996,1996,COL
331,Hovory s Okťabrinou,"Škvorecký, Josef",1996,1996,COL
332,Kroky,"Kosinski, Jerzy",1996,1996,COL
333,Zlý pes bez zahrady,"Listopad, František",1996,1996,COL
334,Dům alchymistův,"Meyrink, Gustav",1996,1996,COL
335,Popel žhne,"Řezníček, Pavel",1996,1996,COL
336,U jídla se nemluví,"Třešňák, Vlastimil",1996,1996,COL
337,Vyřídit si účty,"Allen, Woody",1997,1997,COL
338,Krvavá komnata,"Carterová, Angela",1997,1997,COL
339,Kůň na měsíci a jiné povídky,"Pirandello, Luigi",1997,1997,COL
340,Prázdné cesty,"Liksomová, Rosa",1997,1997,COL
341,O princezně Modroočce a jiné pohádky,"Janusová, Viera",1997,1997,COL
342,Černý mnich a jiné povídky,"Čechov, Anton Pavlovič",1997,1997,COL
343,Příběhy o milém Pánubohu,"Rilke, Rainer Maria",1997,1997,COL
344,Snový život Balso Snella,"West, Nathanael",1997,1997,COL
345,Šťastný princ a jiné pohádky,"Wilde, Oscar",1997,1997,COL
346,Libertas a jiné sny,"Švanda, Pavel",1997,1997,COL
347,Zkamenělý muž,"Weltyová, Eudora",1997,1997,COL
348,Prázdniny,"Balabán, Jan",1998,1998,COL
349,Tři Ďábelské novely,"Barbey d'Aurevilly, Jules",1998,1998,COL
350,Grónské mýty a pověsti,"Rasmussen, Knud",1998,1998,COL
351,Kouzelný hadí kámen,"Skřivánek, Jaromír",1998,1998,COL
352,Raná próza,"Hesse, Herman",1998,1998,COL
353,Zloděj a jiné podivné figury,"Heym, Georg",1998,1998,COL
354,Lucidor a jiné prózy,"Hofmannsthal, Hugo von",1998,1998,COL
355,Lunarys,"Houser, Pavel",1998,1998,COL
356,Ocelové vize,"Harrison, Harry",1998,1998,COL
357,Pohádky Větrných hor,"Vopěnka, Martin",1998,1998,COL
358,Jak hromady pobitých ptáků,"Dvořák, Ladislav",1998,1998,COL
359,Blázny šatí stvol,"Řezníček, Pavel",1998,1998,COL
360,Hora duchů,"Becquer, Gustavo Adolfo",1999,1999,COL
361,Krabí zjevení,"Tanaka, Kótaró",1999,1999,COL
362,Kufr,"Dovlatov, Sergej",1999,1999,COL
363,Pohádky paní Meluzíny,"Vladislav, Jan",1999,1999,COL
364,"Mluv, mluv, poslouchám tě","Jakoubková, Alena",1999,1999,COL
365,Polní tráva,"Čep, Jan",1999,1946,COL
366,Šátek a jiné povídky,"Agnon, Šmuel Josef",1999,1999,COL
367,Bič boží,"Zamjatin, Jevgenij",1999,1999,COL
368,Čarodějovy pohádky,"Semerád, Martin",2000,2000,COL
369,Indické pohádky a bajky,"Merhoutová, Eliška",2000,2000,COL
370,Paseka živých jelenů,"Neuwirth, Štěpán",2000,2000,COL
371,Citová angažmá,"Fiala, Petr",2000,2000,COL
372,Století zázraků,"Štětina, Jaromír",2000,2000,COL
373,Vánice,"Tolstoj, Lev Nikolajevič",2000,2000,COL
374,Vánice,"Tolstoj, Lev Nikolajevič",2000,2000,COL
375,Vánice,"Tolstoj, Lev Nikolajevič",2000,2000,COL
376,Beze stop,"Formánek, Jaroslav",2001,2001,COL
377,Červené botičky,"Zonová, Anna",2001,2001,COL
378,Fosfen,"Stradický ze Strdic, Petr Odillo",2001,2001,COL
379,Strach z lidí,"Micka, Daniel",2001,2001,COL
380,Neutronová hvězda,"Niven, Larry",2001,2001,COL
381,"Ó, jak jsme jiné","Nenadál, Radoslav",2001,2001,COL
382,Povídky o manželství a o sexu,"Viewegh, Michal",2001,1999,COL
383,Slunce pro duši,"Lechleitner, Norbert",2001,2001,COL
384,Želary,"Legátová, Květa",2001,2001,COL
385,Ztracené jezero,"Slouka, Mark",2001,2001,COL
386,Tak už jsem tady!,"Breinholst, Willy",2002,2002,COL
387,Srdce na udici,"Andronikova, Hana",2002,2002,COL
388,V dobrém jsme se sešli...,"Myslíková, Míla",2002,2002,COL
389,Zdvižený závoj,"Eliotová, George",2002,2002,COL
390,Vynálezci z Guslaru,"Bulyčov, Kir",2002,2002,COL
391,Knížka s červeným obalem,"Berková, Alexandra",2003,1986,COL
392,Bezcesti,"Kubánek, Robert",2003,2003,COL
393,Čítanka pro začínající detektivy,"Čechura, Rudolf",2003,2003,COL
394,Divná doba,"Duteurtre, Benoît",2003,2003,COL
395,Sestřičky z Elurie,"King, Stephen",2003,2003,COL
396,Sex je fajn,"Breinholst, Willy",2003,2003,COL
397,Jablko přešlé mrazem,"Vaculík, Ondřej",2003,2003,COL
398,Povídání o pejskovi a kočičce,"Čapek, Josef",2003,1929,COL
399,Poselství kulhavého běžce,"Komenda, Stanislav",2003,2003,COL
400,Cesta do Malšic,"Kuna, Karel",2003,2003,COL
401,"Servus, Ser-vá-ci","Blatný, Lev",2003,2003,COL
402,"Ženy, Havel, hygiena","Vaněk-Úvalský, Bohuslav",2003,2003,COL
403,Dvacet centů s obálkou a vánočním přáním,"Pratchett, Terry",2004,2004,COL
404,...a vyberte si,"Pelc, Jan",2004,2004,COL
405,Dva umělci na dědině,"Vosáhlo, Petr Marek",2004,2004,COL
406,Moje nejmilejší kočičí historky,"Herriot, James",2004,2004,COL
407,Nejkrásnější růže,"Robertsová, Nora - Gregory, Jill - Langan, Ruth Ryan - Willman, Marianne",2004,2004,COL
408,Tři novely,"Topol, Filip",2004,2004,COL
409,Toulky nejen s kulovnicí,"Neuwirth, Štěpán",2004,2004,COL
410,Údolí ztracených žen,"Howard, Robert Ervin",2004,2004,COL
411,Vše má svůj pravý čas,"Gulley, Philip",2004,2004,COL
412,Andělské vteřiny,"Martin, Eduard",2005,2005,COL
413,Dědictví,"Trefulka, Jan",2005,2005,COL
414,Ostrov stálého štěstí,"Rottová, Inna",2005,2005,COL
415,Strašidelný dům,"Woolfová, Virginia",2005,2005,COL
416,Bláznivá neděle,"Fitzgerald, Francis Scott",2006,2006,COL
417,Nahé povídky,"Kuťák, Jaroslav",2006,2006,COL
418,Pověsti vyšehradské,"Bilianová, Popelka",2006,1905,COL
419,Moudrá sova Rozárka,"Pospíšilová, Zuzana",2006,2006,COL
420,Vánoce starého velblouda a další povídky,"Noelová, Marie",2006,2006,COL
421,Únos Mildred Hawkinsové,"Kostiha, Vladimír",2006,2006,COL
422,Bažanti na dubech,"Komenda, Stanislav",2007,2007,COL
423,Výprava na Zemi,"Clarke, Arthur C.",2007,2007,COL
424,Možná že odcházíme,"Balabán, Jan",2007,2004,COL
425,Oheň tajemství,"Neužilová, Marcela",2007,2007,COL
426,"Pane faráři, já vás budu muset zabít!","Barhoň, Jiří",2007,2007,COL
427,Sex pro golfisty,"Heid, Klaus",2007,2007,COL
428,Sex pro řidiče,"Seewaldt, Patrick",2007,2007,COL
429,Filozofická a pedagogická antropologie,"Pelcová, Naděžda",2000,2000,SCI
430,Minimum bontonu,"Poberová, Slávka - Poberová, Jesika",1996,1996,POP
431,"Hroby, hrobky a mumie","Bahn, Paul G. (ed.)",1997,1997,POP
432,Řecké mýty,"Burnová, Lucilla",1999,1999,POP
433,Ty boty musím mít!,"Jacobbi, Paola",2008,2008,POP
434,Obraz člověka a přírody v zrcadle biologie,"Komárek, Stanislav",2008,2008,POP
435,Shakespearova svatební komedie,"Hilský, Martin",1996,1996,SCI
436,Hamlet v českém divadle,"Přibyl, Daniel",2001,2001,SCI
437,Jak interpretovat drama,"Eco, Umberto",2004,2004,SCI
438,Mýtus o Sisyfovi,"Camus, Albert",1995,1995,SCI
439,Nástin ekumenické teologie,"Štampach, Odilo Ivan",1995,1995,SCI
440,Jürgen Habermas,"Horster, Detlef",1995,1995,SCI
441,Friedrich Nietzsche ve svých dílech,"Andreas-Salomé, Lou",1996,1996,SCI
442,René Descartes a české baroko,"Sousedík, Stanislav",1996,1996,SCI
443,Kapitoly o filosofii přírody,"Kamarýt, Jan",1997,1997,SCI
444,Předpotopní úvahy,"Kosík, Karel",1997,1997,SCI
445,Technologický úděl,"Salomon, Jean-Jacques",1997,1997,SCI
446,Člověk a příroda,"Ondok, Petr Josef",1998,1998,SCI
447,Hermeneutické pojetí zkušenosti,"Mokrejš, Antonín",1998,1998,SCI
448,Patent zvaný toleranční,"Melmuková, Eva",1999,1999,SCI
449,Vědění a láska,"Lotz, Johannes Baptist",1999,1999,SCI
450,Evropský duch,"Brunschvicg, Léon",2000,2000,SCI
451,Možnosti hodnotové etiky,"Hála, Vlastimil",2000,2000,SCI
452,Šifry transcendence,"Jaspers, Karl",2000,2000,SCI
453,Estetika 20. století,"Perniola, Mario",2000,2000,SCI
454,Metafyzické myšlenky,"Spinoza, Benedikt",2000,2000,SCI
455,Svět pojmů a logika,"Materna, Pavel",2000,1995,SCI
456,Interpretace a sociální kritika,"Walzer, Michael",2000,2000,SCI
457,Hoře a milost,"Kučera, Zdeněk",2001,2001,SCI
458,Studie k německé klasické filozofii,"Sobotka, Milan",2001,2001,SCI
459,Mezi vírou a racionalitou,"Funda, Otakar Antoň",2003,2003,SCI
460,Existencialismus je humanismus,"Sartre, Jean-Paul",2004,2004,SCI
461,Křesťanská vzdělanost,"Augustinus, Aurelius",2004,2004,SCI
462,Člověk a náboženství,"Špiner, Dušan",2006,2006,SCI
463,Základní fenomény lidského bytí očima filozofie,"Scherer, Georg",2007,2007,SCI
464,Tajné zasvěcení,"Minařík, Květoslav",1992,1992,POP
465,Taoismus,"Hartzová, Paula R.",1996,1996,POP
466,Bible nás učí modlitbě,"Vintrová, Martina",1997,1997,POP
467,Malá duchovní dobrodružství,"Hays, Edward",1997,1997,POP
468,Kdo je můj bližní?,"Augustyn, Józef",1997,1997,POP
469,Člověk jako mravní bytost,"Skoblík, Jiří",1997,1997,POP
470,Náboženství jako soukromá věc a jako veřejná záležitost,"Opatrný, Aleš",1997,1997,POP
471,Smrt v životě člověka,"Grün, Anselm",1997,1997,POP
472,"Sekty, kultury, alternativní náboženství","Barrett, David D.",1998,1998,POP
473,Proměňující moc víry,"Grün, Anselm",1998,1998,POP
474,V hlavní roli Nový zákon,"Sázava, Zdeněk",1998,1998,POP
475,Spása,"Minařík, Květoslav",1998,1992,POP
476,Slovo v našem nitru,"Souzenelle, Annick de - Mouttapa, Jean",2000,2000,POP
477,Světová náboženství,"Keene, Michael",2003,2003,POP
478,Manželství,"Graubner, Jan",2007,2007,POP
479,Manifest,"Russell, Stephen",2007,2007,POP
480,Osmá čakra,"Currivan, Jude",2007,2007,POP
481,Dva tisíce let dějin církve,"Fröhlich, Rolland",1999,1999,SCI
482,Svět středověkých gest,"Schmitt, Jean-Claude",2004,2004,SCI
483,Dějiny Irska,"Moody, Theodor W. - Martin, Francis X. (et al.)",1996,1996,POP
484,Osudové ženy,"Bělina, P. - Fidler, J. - Zahradníček, O.",1996,1996,POP
485,Říše a kolonie,"Cartier, M. - Almeida-Topor, H. d' - Datong, H. (et al.)",1996,1996,POP
486,Dějiny Slovenska,"Kováč, Dušan",1998,1998,POP
487,Dějiny Rumunska,"Treptow, Kurt W. (ed.)",1999,1999,POP
488,Dějiny Japonska,"Reischauer, Edwin - Craig, Albert M.",2000,2000,POP
489,Vzkříšení Olympie,"Zamarovský, Vojtěch",2003,1980,POP
490,Leonard Bernstein,"Secrest, Meryle",1996,1996,POP
491,Jazz,"Fordham, John",1996,1996,POP
492,Hudba a krásno,"Eggebrecht, Heinrich",2001,2001,POP
493,Modernisté,"Hilský, Martin",1995,1995,SCI
494,Poezie poslední možnosti,"Trávníček, Jiří",1996,1996,SCI
495,Zahrada ochočených slov,"Loucká, Pavla",2007,2007,POP
496,Věda a svědomí,"Morin, Edgar",1995,1995,SCI
497,Umění a kýč,"Kulka, Tomáš",1994,1994,SCI
498,K surrealismu,"Nádvorníková, Alena",1998,1998,SCI
499,Umění jako semiologický fakt,"Mukařovský, Jan",2000,1934,SCI
500,Kurs kresby,"Smith, Stan",1995,1995,POP
501,Nejkrásnější poklady civilizace,"Fyson, Nance",1996,1996,POP
502,Příběh umění,"Gombrich, E. H.",1997,1992,POP
503,Evropská integrace a bankovnictví,"Drdla, Miloš - Rais, Karel",1999,1999,POP
504,Jak mnohem lépe prodávat,"Tracy, Brian",1999,1999,POP
505,Jste dobrý šéf?,"Murphy, Emmett C.",1999,1999,POP
506,Interkontinentální levice,"Preisner, Rio",1992,1992,SCI
507,Smysl konzervatismu,"Scruton, Roger",1993,1993,SCI
508,Reforma OSN a zájmy České republiky,"Khol, R. - Kovačič, J. - Lebeda, P.",1998,1998,SCI
509,Liberalismus,"Gray, John",1999,1999,SCI
510,Základy politologie,"Prorok, Vladimír - Lisa, Aleš",1999,1999,SCI
511,Budoucnost svobody,"Zakaria, Fareed",2005,2004,SCI
512,Demokracie v Polsku,"Kubát, Michal",2005,2005,SCI
513,Encyklopedie diplomacie,"Hubinger, Václav",2006,2006,SCI
514,O čem Stalin věděl,"Murphy, David E.",2008,2008,SCI
515,Zotročený duch,"Milosz, Czeslaw",1992,1992,POP
516,Velké bitvy 2. světové války,"MacDonald, John",1995,1995,POP
517,Ponorky ve válce,"Vat, Dan van der",1997,1997,POP
518,Válka v evropské historii,"Howard, Michael",1997,1997,POP
519,Nebát se a nekrást?,"Mandler, Emanuel",1998,1998,POP
520,Průvodce občana Evropskou unií,"Greger, Petr",1999,1999,POP
521,Ve službách Třetí říše,"Tejchman, Miroslav",1999,1999,POP
522,Bitva o Guadalcanal,"Griffith, Samuel B.",2001,1970,POP
523,Ikeova poslední bitva,"Whiting, Charles",2004,2004,POP
524,Demokracie a ústavnost,"Kunc, Jiří (ed.)",1999,1996,SCI
525,Kouzla kriminalistiky,"Machutová, Marcela - Stavěl, Radoslav",1996,1996,POP
526,Příhody soudního patologa,"Bankl, Hans",2003,2003,POP
527,Bojiště zítřka,"Dunningan, James F.",2004,2004,POP
528,Životní cyklus rozšířený a dokončený,"Erikson, Erik H.",1999,1999,SCI
529,Podoby násilí v rodině,"Gjuričová, Šárka - Kocourková, J. - Koutek, J.",2000,2000,SCI
530,Brněnská škola celostní a tvarové psychologie,"Förster, Josef - Plháková, Alena",2004,2004,SCI
531,Jak rozvíjet inteligenci svého dítěte,"Gruber, David",1993,1993,POP
532,Partnerské vztahy,"Peseschkian, Nossrat",1995,1995,POP
533,Lidské pudy a emoce,"Šimek, Jiří",1995,1995,POP
534,Freud,"Storr, Anthony",1996,1996,POP
535,Jung,"Stevens, Anthony",1996,1996,POP
536,Pozitivní stres,"Birkenbihlová, Vera F.",1996,1996,POP
537,Testy osobnosti,"Lauster, Peter",1996,1994,POP
538,Astrologický průvodce k dobré kondici,"Shawová, Eva",1997,1997,POP
539,Čtyřbarevný člověk,"Lüscher, Max",1997,1997,POP
540,Podnikatelská etiketa,"Durcklová, Jacqueline",1997,1997,POP
541,Cesta k vnitřnímu klidu,"Lauster, Peter",1997,1997,POP
542,Numerologie v praxi,"Škach, Vladimír",1997,1997,POP
543,Já se z těch rodičů zblázním,"Vedralová, Joyce",1997,1997,POP
544,S vlky výti,"Berg, Wolfhart",1997,1997,POP
545,Čtení z ruky,"Reidová, Lori",1998,1998,POP
546,Jak milovat a být milován,"Hauck, Paul",1998,1998,POP
547,Rukověť správného chlapa,"Barry, Dave",1998,1998,POP
548,Poznej sám sebe,"Maťha, Miroslav",2000,2000,POP
549,Feng-šuej pro život,"Too, Lillian",2001,2001,POP
550,"Král, válečník, kouzelník, milovník","Moore, Robert - Gillette, Douglas",2001,2001,POP
551,"Člověče, neboj se","Ellis, Albert",2001,2001,POP
552,Jak přežít pubertu,"Bauman, Lawrence - Rich, Robert",2001,2001,POP
553,Desatero sebevědomých žen,"Nuberová, Ursula",2002,2002,POP
554,Poznej sám sebe i druhé,"Wirth, Bernhard P.",2002,2002,POP
555,Jen láska je skutečná,"Weiss, Brian Leslie",2007,2007,POP
556,Jste opravdu šťastní?,"Berger, Barbara",2008,2008,POP
557,Příručka pro zoufalé matky,"Mitchellová, Allison",2008,2008,POP
558,Úvahy o postmoderní době,"Bauman, Zygmunt",1995,1995,SCI
559,Sociální stát,"Večeřa, Miloš",1996,1993,SCI
560,Důsledky modernity,"Giddens, Anthony",1998,1998,SCI
561,Mytologie,"Barthes, Roland",2004,2004,SCI
562,K hříchu i k modlitbě,"Lenderová, Milena",1999,1999,POP
563,Marihuana 2000,"Doležal, Jiří X.",2000,2000,POP
564,Typ a účes,"Bolz, Elke",1994,1994,POP
565,Výrobky z kůže,"Prošková, Iva - Křivánková, Ivana",1994,1994,POP
566,Přírodní kosmetika od hlavy k patě,"Schapelweinová, Edith",1995,1995,POP
567,Svatba,"Regalová, Markéta",1995,1995,POP
568,Evropské góly,"Herfurt, Ivan",1996,1996,POP
569,Bylinková kuchařka,"Hurley, Judith Benn",1996,1996,POP
570,Vaříme v mikrovlné troubě 101 praktických rad,"Brownová, Sarah",1996,1996,POP
571,Jak vařit těstoviny,"Willanová, Anne",1996,1996,POP
572,Zavařování sladké a pikantní,Y,1996,1996,POP
573,Hvězdy NHL včera i dnes,"Stránský, Jiří - Ondroušek, Kamil",1997,1997,POP
574,Pružné tělo,"Blacková, Sara",1997,1997,POP
575,Obložené stoly z celého světa,"Vergne, Blanche",1998,1998,POP
576,Šijeme doma,"Gordonová, Magie McCormick",1998,1998,POP
577,Co se vaří v našich krajích,"Vašát, Jaroslav",1998,1998,POP
578,"Cukety, patizony, tykve, zeleninové saláty","Machovská, Danuše",1999,1999,POP
579,Hry v přírodě,"Wilkesová, Angela",1999,1999,POP
580,Pečeme podle našich babiček,"Mahelová, Lenka - Dlapová, Barbara",1999,1999,POP
581,Španělská kuchyně,Y,1999,1995,POP
582,"Grilujeme, rožníme a zapékáme na chatách a chalupách","Dufek, Oldřich",2000,2000,POP
583,Konzervujeme ovoce a zeleninu tradičně i netradičně,"Höflerová, Jitka",2000,2000,POP
584,Houbařská kuchařka,"Höflerová, Jitka",2000,2000,POP
585,Abeceda rybaření,"Bailey, John",2000,2000,POP
586,Anti-aging,"Oberbeil, Klaus - Rahn-Huberová, Ulla",2001,2001,POP
587,Kuchařka babičky Chadimové,"Chadima, Ivan",2001,2001,POP
588,Chceš být krásná?,"Marquardtová, Antonie - Springerová, Petra - Riegerová, Birgit",2002,2002,POP
589,Léčíme se čínskými čaji,"Wu, Runjin - Haaseová, Erika Alice",2003,2003,POP
590,Cvičíme s malým míčem,"Hambrechtová, K. - Gerstnerová-Mühlecková, I.",2003,2003,POP
591,Kniha o medovině,"Dupal, Libor",2004,1997,POP
592,Rodinné stříbro,"Skopová, Kamila",2005,2005,POP
593,Když dítě nechce spát,"Prekopová, Jiřina",1997,1997,POP
594,Proč jsou šťastné děti šťastné,"Biddulph, Steve",1997,1997,POP
595,Superlearning 2000,"Ostrangerová, Sheila - Schroederová, Lynn - Ostrangerová, Nancy",2000,2000,POP
596,Roztomilé malé příšerky,"Tiodorović, Irena",2005,1994,POP
597,Akvaristika,"Hanel, Lubomír",1995,1995,SCI
598,Etologie,"Franck, Dierk",1996,1996,SCI
599,Dějiny české zoologie,"Opatrný, Evžen - Petruška, František",1998,1998,SCI
600,O pohlavním výběru,"Darwin, Charles",2005,2005,SCI
601,O zániku druhů,"Raup, David M.",1995,1995,POP
602,Rozmanitost života,"Wilson, Edward Osborne",1995,1995,POP
603,"Bobulovité, užitkové a léčivé rostliny","Grau, Jürke - Jung, Reinhard - Münker, Bertram",1996,1996,POP
604,Ptáci v ZOO,"Kůs, Evžen",1996,1996,POP
605,Zvířata kolem nás,"Riha, Susanne",1996,1996,POP
606,Zvířata Evropy,"Anděra, Miloš",1996,1996,POP
607,Amatérský přírodovědec,"Durrell, Gerald - Durrell, Lee",1997,1997,POP
608,Moderní užitková zahrada,"Pavordová, Anna",1997,1997,POP
609,Zvířata Asie,"Anděra, Miloš",1998,1998,POP
610,Zvířata Jižní Ameriky,"Dobroruka, Luděk",1998,1998,POP
611,Pole a louky,"Reichholf, Josef",1999,1999,POP
612,Psi,"Bielfeld, Horst",1999,1999,POP
613,O vědcích a vejcích,"Slack, J. M. W.",2001,2001,POP
614,Tajemný život delfínů,"Paccalet, Yves",2005,2005,POP
615,Biologické hodiny rostlin,"Kolář, Jan",2006,2006,POP
616,Masožravé rostliny,"Studnička, Miloslav",2006,2006,POP
617,Šelmy,"Lyon, Derek",2007,2007,POP
618,"Makrosvět, mikrosvět a lidská mysl","Penrose, Roger",1999,1999,SCI
619,Mikroskopie skenující sondou,"Kubínek, Roman - Vůjtek, Milan - Mašláň, Miroslav",2003,2003,SCI
620,"Nebe, řád a chaos","Verdet, Jean-Pierre",1997,1997,POP
621,Sova a vesmír,"Koukolík, František - Koubský, Pavel",1999,1999,POP
622,Odhalená tajemství Slunce,"Kippenhahn, Rudolf",1999,1999,POP
623,Čarodějná pec,"Chown, Marcus",2005,2005,POP
624,Kosmologie do vesty,"Kippenhahn, Rudolf",2005,2005,POP
625,Exoplanety,"Pokorný, Zdeněk",2007,2007,POP
626,Dějiny zeměměřictví a pozemkových úprav v Čechách a na Moravě v kontextu světového vývoje,"Maršíková, Magdalena - Maršík, Zbyněk",2007,2007,SCI
627,Podivuhodné přírodní úkazy,"Štoll, Ivan",1998,1998,POP
628,Tibet,"Uhlig, Helmut",2002,2002,POP
629,"Soutoky řek na území Čech, Moravy a Slezska","Ryšánek, Vít",2006,2006,POP
630,Malá doba ledová,"Fagan, Brian",2007,2007,POP
631,Analýza vod,"Tomášek, Vladimír",1997,1997,SCI
632,Obecná epidemiologie,"Göpfertová, D. - Šejda, J.",1993,1993,SCI
633,Jak nehubnout hloupě,"Guérineau, Bertrand",1994,1994,POP
634,Zdravi na talíři,"Gumowska, Irena",1994,1994,POP
635,Batolata,"Matějček, Z. - Pokorná, M.",1995,1995,POP
636,Máme děťátko,"Schuttová, Karin",1995,1995,POP
637,Proti bolestem bez léků,"Exel, Wolfgang",1996,1996,POP
638,Dospívám v ženu,"Cyran, Wolfgang",1997,1997,POP
639,Historie medicíny,"Duin, Nancy",1997,1997,POP
640,Moc a nemoc medicíny,"Hořejší, Jaroslav",1998,1998,POP
641,Nedoslýchavost,"Hroboň, Miroslav (et al.)",1998,1998,POP
642,Víno,"Jones, Frank",1998,1998,POP
643,Vitaminy a minerály v kostce,"Sullivanová, Karen",1998,1998,POP
644,Pražské špitály a nemocnice,"Svobodný, Petr - Hlaváčková, Ludmila",1999,1999,POP
645,Proč stárneme,"Austad, N. Steven",1999,1999,POP
646,Abeceda pro alergiky a pro třetinu naší populace,"Zavázal, Vladimír",2000,2000,POP
647,Partner u porodu,"Simkinová, Penny",2000,2000,POP
648,Jak ulevit bolesti,"McLaughlinová, Chris",2001,2001,POP
649,Základy vědecké práce ve farmacii a v medicíně,"Višňovský, Peter (et al.)",2001,2001,POP
650,Co mám vědět o sexu,"Petrovićová, Jasminka",2005,2005,POP
651,Špinavé ruce,"Nuland, Sherwin B",2005,2005,POP
652,Antibiotický paradox,"Levy, Stuart B.",2007,2007,POP
653,Homeopatie od A do Z,"Wautersová, Ambika",2007,2007,POP
654,O lásce a sexu,"Janouchová, Kateřina",2007,2007,POP
655,Léčivá moc smíchu,"Nešpor, Karel",2007,2002,POP
656,Erotická masáž,"Hathaway, Charla",2008,2008,POP
657,Bydlí s námi suchozemská želva,"Anděrová, Romana",1996,1996,POP
658,Exotické ptactvo,"Alderton, David",1997,1997,POP
659,Bydlí s námi myška,"Motyčka, Vladimír",1997,1997,POP
660,Bydlí s námi hmyz,"Pecina, Pavel",1999,1999,POP
661,Umění degustace,"Casamyor, Pierre",2004,2004,POP
662,Matematika do vesty,"Beutelspacher, Albrecht",2005,2005,POP
663,Statistika do vesty,"Krämer, Walterf",2005,2005,POP
664,Zasažen bleskem,"Rosenthal, Jeffrey S.",2008,2008,POP
665,Hlavolamy z elektrotechniky,"Myslík, Jiří",1996,1996,POP
666,Mamutí kniha techniky,"Macaulay, David",1996,1996,POP
667,Rekonstrukce a úpravy interiéru,"Fischer-Uhlig, Horst - Jeni, Kurt",1996,1996,POP
668,Krby a kachlová kamna,"Havaš, Peter - Institoris, Vladimír",1997,1997,POP
669,Vytápění netradičními zdroji tepla,"Dufka, Jaroslav",2003,2003,POP
670,"Rudné hornictví v Čechách, na Moravě a ve Slezsku","Majer, Jiří",2004,2004,POP
671,Modely a systémy,"Křemen, Jaromír",2007,2007,SCI
672,První kroky s počítačem,"Hlavenka, Jiří - Samšuk, Petr",1998,1994,POP
673,Bandité na informační dálnici,"Barret, Daniel J.",1999,1999,POP
674,Internet pro střední školy,"Baranovič, R. - Moravčíková, L. - Šnajder, L.",1999,1999,POP
675,Počátky Karmelu v Čechách,"Cetkovský, Gorazd (ed.)",1997,1997,SCI
676,Etika přerozdělování,"Jouvenel, Bertrand de",1998,1998,SCI
677,Etika zdravotní a sociální práce,"Goldmann, Radoslav - Cichá, Martina",2004,2004,SCI
678,Josefu Švejkovi je 30 miliónů let,"Koukolík, František",2002,2002,POP
679,Homo sapiens stupidus,"Koukolík, František",2003,2003,POP
680,Nedaleko nekonečna,"Punčochář, Miroslav",2004,2004,POP
681,Evropa snů a skutečností,"Kuras, Benjamin",2007,2007,POP
682,Kniha pro správné holky,"Foster, Juliana",2007,2007,POP
